credit.policy,int.rate,installment,log.annual.inc,dti,fico,days.with.cr.line,revol.bal,revol.util,inq.last.6mths,delinq.2yrs,pub.rec,purpose,not.fully.paid
1.0,0.001195355191256831,0.16542451350503531,0.2062348512231491,0.10013351134846461,0.125,0.37117003613337496,0.001094123620232259,0.024626865671641792,0.0,0.0,0.0,educational,0
1.0,0.002704918032786885,0.10514132421820072,0.28118961079419535,0.5487316421895861,0.08333333333333337,0.08424488860764034,0.0023721196429562375,0.061343283582089556,0.030303030303030304,0.0,0.0,educational,0
1.0,0.0009767759562841535,0.11751598213030169,0.4367851802161413,0.1151535380507343,0.13333333333333341,0.08939923257516852,0.00027332384154174526,0.016417910447761194,0.0,0.0,0.0,educational,0
1.0,0.003135245901639344,0.19427347561305397,0.33014484648500764,0.2720293724966622,0.06666666666666665,0.16671439208809102,0.00706335066869092,0.12850746268656715,0.0,0.0,0.0,educational,0
1.0,0.004433060109289617,0.09159842937034193,0.39131018751375635,0.4262349799732977,0.04166666666666674,0.05332121109191684,0.000468791800947357,0.07686567164179105,0.09090909090909091,0.07692307692307693,0.0,educational,1
1.0,0.002704918032786885,0.08770430625114932,0.3223997725560406,0.514018691588785,0.07916666666666672,0.6339843078169719,0.009941533545532025,0.060298507462686564,0.030303030303030304,0.0,0.0,educational,0
1.0,0.00162568306010929,0.3239153244561749,0.395575018884043,0.14018691588785046,0.10416666666666674,0.07909293092955769,0.0018900757769644322,0.028358208955223882,0.030303030303030304,0.0,0.0,educational,0
1.0,0.002056010928961749,0.6023018594437894,0.4403223726936294,0.5130173564753003,0.11250000000000004,0.4192796327864167,0.003930893793809464,0.027611940298507463,0.06060606060606061,0.0,0.0,educational,0
1.0,0.001195355191256831,0.15191406968316984,0.4743685926772594,0.31875834445927903,0.12916666666666665,0.7319788866110492,0.0033685092834856907,0.010895522388059702,0.0,0.0,0.0,educational,0
1.0,0.0037841530054644823,0.21147251938948802,0.5606951759077465,0.061081441922563415,0.04583333333333339,0.18567569636978004,0.009276445531113777,0.03462686567164179,0.030303030303030304,0.0,0.0,educational,0
1.0,0.0029234972677595634,0.014592144688307895,0.26431731188959495,0.5574098798397863,0.0625,0.10824360959035587,0.002554335537317401,0.09791044776119402,0.09090909090909091,0.0,0.0,educational,1
1.0,0.002274590163934426,0.6052116347745194,0.4948676411690851,0.3324432576769025,0.09999999999999998,0.1462163297739255,0.0055517869995585405,0.0708955223880597,0.030303030303030304,0.0,0.0,educational,0
1.0,0.00162568306010929,0.3009075470269452,0.26431731188959495,0.0,0.10416666666666674,0.05498205525923147,0.0,0.0,0.030303030303030304,0.0,0.0,educational,0
1.0,0.0014139344262295078,0.3902344045777581,0.33749255836084635,0.2963951935914553,0.14166666666666672,0.45708054150440214,0.0005582432399973827,0.0038805970149253734,0.030303030303030304,0.0,0.0,educational,0
1.0,0.002568306010928963,0.03348945882505652,0.5063336772434166,0.2583444592790387,0.07916666666666672,0.19071549936025203,0.017196210903302166,0.07238805970149254,0.06060606060606061,0.0,0.0,educational,0
1.0,0.002568306010928963,0.35869200731229783,0.5406593415953387,0.3968624833110814,0.09166666666666667,0.48623122016520026,0.007343300542754889,0.036268656716417914,0.030303030303030304,0.0,0.2,educational,0
1.0,0.003435792349726776,0.6207773102426255,0.44636002184992063,0.20527369826435246,0.07916666666666672,0.1512561327643975,0.005269352363298737,0.10328358208955224,0.0,0.0,0.0,educational,0
1.0,0.0036475409836065576,0.3389293324823953,0.37155089964289933,0.2933911882510013,0.06666666666666665,0.20961476057452197,0.001302843644682319,0.05865671641791045,0.0,0.0,0.0,educational,1
1.0,0.0023565573770491805,0.32930219477105804,0.5169495679024845,0.3130841121495327,0.09166666666666667,0.09621680699945681,0.007330048477710441,0.04820895522388059,0.0,0.0,0.0,educational,0
1.0,0.002568306010928963,0.24391272837409544,0.33749255836084635,0.35246995994659547,0.08750000000000002,0.22581753624908063,0.0028284876329244244,0.021343283582089555,0.0,0.0,0.0,educational,0
1.0,0.003435792349726776,0.03974168983309355,0.42754010345020044,0.5287049399198932,0.05833333333333335,0.09455357654269668,0.0,0.07014925373134329,0.0,0.0,0.0,educational,0
1.0,0.0015846994535519124,0.18739385810248033,0.5694682630621295,0.39218958611481974,0.10416666666666674,0.38319922501371956,0.0012688852280059203,0.007014925373134329,0.0,0.0,0.0,educational,0
1.0,0.0015846994535519124,0.2555085616623579,0.4404969588130394,0.5874499332443258,0.15416666666666667,0.3900692973476449,0.005811858776055837,0.012537313432835822,0.0,0.0,0.0,educational,1
1.0,0.004945355191256831,0.3487728103670211,0.5708795934950297,0.2439919893190921,0.04583333333333339,0.20869604646862702,0.022737230600012093,0.14373134328358209,0.06060606060606061,0.0,0.0,educational,1
1.0,0.0068852459016393456,0.5160686663710018,0.5762546445226238,0.6805740987983978,0.054166666666666696,0.34883454560741955,0.02785169945310384,0.11149253731343284,0.030303030303030304,0.0,0.0,educational,1
1.0,0.0032172131147540986,0.11000897811719147,0.5816959725529649,0.5010013351134847,0.07083333333333341,0.1649962774322483,0.05957465840731713,0.13119402985074627,0.030303030303030304,0.0,0.0,educational,0
1.0,0.004248633879781422,0.17768018432182764,0.4948676411690851,0.60347129506008,0.06666666666666665,0.1724438272303456,0.02154537300007703,0.05522388059701493,0.030303030303030304,0.0,0.0,educational,0
1.0,0.006454918032786886,0.2094713727865696,0.42169239527082936,0.8020694259012016,0.04166666666666674,0.12376152569202296,0.00552279810727381,0.06104477611940298,0.030303030303030304,0.0,0.0,educational,0
1.0,0.0011475409836065572,0.10113903101236385,0.3142455900148382,0.07543391188251,0.1166666666666667,0.09283784817629946,0.0010129547218350134,0.01597014925373134,0.0,0.0,0.0,educational,0
1.0,0.0038661202185792344,0.1260614189751966,0.3636099343178858,0.1151535380507343,0.050000000000000044,0.2027947998607882,0.002534457439750729,0.032388059701492534,0.0,0.07692307692307693,0.0,educational,0
1.0,0.0027868852459016396,0.22766558136013065,0.4092281043696673,0.6311748998664886,0.08750000000000002,0.1891071531025745,0.007768194878242511,0.01626865671641791,0.0,0.07692307692307693,0.0,educational,0
1.0,0.0038661202185792344,0.040260906248985914,0.4948676411690851,0.6141522029372496,0.054166666666666696,0.2972934922215834,0.0007669632644474427,0.006716417910447761,0.09090909090909091,0.07692307692307693,0.0,educational,0
1.0,0.0015846994535519124,0.23848259002455457,0.4504382657017656,0.12483311081441922,0.11250000000000004,0.18389553864651823,0.009595323346245814,0.04044776119402985,0.030303030303030304,0.0,0.0,educational,0
1.0,0.0015846994535519124,0.1899466721472844,0.5680428870673406,0.26268357810413884,0.12083333333333335,0.5893729837148463,0.007190073540678456,0.03462686567164179,0.0,0.0,0.0,educational,0
1.0,0.0023565573770491805,0.24274449143833765,0.4536574798369868,0.05240320427236315,0.09166666666666667,0.42271586209810214,0.00187019767939776,0.01597014925373134,0.06060606060606061,0.0,0.2,educational,1
1.0,0.005157103825136614,0.23468581998334181,0.5169495679024845,0.808411214953271,0.0625,0.2045129145166309,0.007079087495931202,0.08223880597014925,0.030303030303030304,0.07692307692307693,0.0,educational,0
1.0,0.003435792349726776,0.16019989832011855,0.46875026478229853,0.5527369826435247,0.0625,0.24746578091269894,0.0046249707005124405,0.12074626865671642,0.06060606060606061,0.0,0.2,educational,0
1.0,0.0027868852459016396,0.08788819539844453,0.42169239527082936,0.2303070761014686,0.07083333333333341,0.12376152569202296,0.006915093191006155,0.06492537313432836,0.0,0.0,0.0,educational,1
1.0,0.00705601092896175,0.09767758823974819,0.4824033502679228,0.8694926568758344,0.050000000000000044,0.3007297215332689,0.016140186970072697,0.13313432835820896,0.06060606060606061,0.0,0.0,educational,0
1.0,0.004036885245901639,0.21718389996430387,0.4708845684889178,0.6905874499332443,0.07916666666666672,0.3144722524905651,0.013981756875958186,0.07567164179104478,0.0,0.0,0.0,educational,0
1.0,0.004685792349726776,0.03761073912620204,0.4208142991157817,0.448931909212283,0.04166666666666674,0.2543382395360698,0.00858319687847608,0.10597014925373134,0.06060606060606061,0.0,0.2,educational,0
1.0,0.004036885245901639,0.10863521801680963,0.6482072747536836,0.08244325767690254,0.054166666666666696,0.09111973352045674,0.019717416278008448,0.09044776119402985,0.030303030303030304,0.0,0.0,educational,0
1.0,0.0015846994535519124,0.10225318290479952,0.4743685926772594,0.6478638184245661,0.14166666666666672,0.7491576467082194,0.002457429811679873,0.007462686567164179,0.0,0.0,0.0,educational,0
1.0,0.0032991803278688524,0.14202732376388633,0.4294374690565472,0.4519359145527369,0.08333333333333337,0.21487887294021532,0.001505765890675433,0.044477611940298506,0.06060606060606061,0.0,0.0,educational,0
1.0,0.0013661202185792356,0.3050720953627484,0.4824033502679228,0.11782376502002669,0.14583333333333337,0.8006986999222441,0.005939409902108652,0.01597014925373134,0.06060606060606061,0.0,0.0,educational,1
1.0,0.004808743169398906,0.12892792627126895,0.4092281043696673,0.4272363150867824,0.04583333333333339,0.4553600405591139,0.005626329865433562,0.04686567164179104,0.09090909090909091,0.15384615384615385,0.0,educational,0
1.0,0.0035928961748633885,0.34653368957348535,0.5169495679024845,0.05774365821094793,0.10833333333333339,0.1637410992635213,0.005834221635818344,0.02044776119402985,0.09090909090909091,0.0,0.0,educational,0
1.0,0.004378415300546448,0.2649518102264,0.514888395662012,0.38384512683578104,0.05833333333333335,0.09971030679967036,0.02988423492929609,0.131044776119403,0.030303030303030304,0.0,0.2,educational,0
1.0,0.004378415300546448,0.18362953908726082,0.35114564370322165,0.39152202937249664,0.054166666666666696,0.19248611192573184,0.0010038439271169552,0.03417910447761194,0.09090909090909091,0.0,0.0,educational,1
1.0,0.005669398907103824,0.020184538167815073,0.29628239659900113,0.5020026702269692,0.04166666666666674,0.1804616956242783,0.005427548889766838,0.14328358208955225,0.09090909090909091,0.0,0.0,educational,0
1.0,0.004378415300546448,0.2721775720142352,0.33749255836084635,0.02002670226969292,0.125,0.07222047230618679,0.0016565081305560318,0.01701492537313433,0.0,0.0,0.0,educational,0
1.0,0.0035109289617486347,0.2811340551883782,0.5480937398714782,0.3965287049399199,0.07500000000000007,0.2251350629656346,0.020057000444772433,0.11014925373134328,0.09090909090909091,0.0,0.0,educational,1
1.0,0.0030806010928961756,0.03580429867924324,0.48498448333632727,0.431909212283044,0.07500000000000007,0.5120578242019237,0.0003213625773278702,0.009253731343283583,0.0,0.0,0.0,educational,0
1.0,0.0028688524590163933,0.06706545371942844,0.2863992386229943,0.028704939919893188,0.12083333333333335,0.09123427449751292,0.00015322700207643294,0.002537313432835821,0.030303030303030304,0.0,0.0,educational,0
1.0,0.006099726775956284,0.35766439148917756,0.48242418583117397,0.4289052069425901,0.04583333333333339,0.2218133746310053,0.015579458967879479,0.08880597014925373,0.0,0.0,0.0,educational,0
1.0,0.0035109289617486347,0.07177085248845284,0.5159391770225863,0.6725634178905207,0.06666666666666665,0.2904234198876581,0.04264597356709976,0.11626865671641792,0.06060606060606061,0.0,0.0,educational,1
1.0,0.0035928961748633885,0.19633952426795895,0.4294525474435382,0.0781041388518024,0.08333333333333337,0.14094744482934118,0.0005358803802348763,0.026119402985074626,0.030303030303030304,0.0,0.0,educational,1
1.0,0.00394808743169399,0.16212532586238604,0.38569186105128517,0.49299065420560745,0.06666666666666665,0.09283784817629946,0.006164695007864272,0.034328358208955224,0.09090909090909091,0.0,0.0,educational,0
1.0,0.004023224043715848,0.036864365528356785,0.38822730772444913,0.8220961281708944,0.0625,0.1186119543033858,0.002655382533281319,0.11955223880597014,0.06060606060606061,0.0,0.0,educational,0
1.0,0.0022677595628415306,0.41846679719190455,0.5722771562690494,0.28538050734312415,0.13750000000000007,0.3007297215332689,0.0019381145127505572,0.008208955223880597,0.030303030303030304,0.0,0.0,educational,0
1.0,0.004241803278688525,0.058736357047822,0.23819993593255528,0.6568758344459279,0.1166666666666667,0.053951186465725845,0.0004994372013626436,0.009253731343283583,0.0,0.0,0.0,educational,0
1.0,0.004460382513661202,0.3450625763951237,0.4104384221124553,0.6174899866488651,0.07916666666666672,0.22341694830979186,0.008415061303224641,0.044477611940298506,0.09090909090909091,0.0,0.0,educational,0
1.0,0.0022677595628415306,0.32862072322519936,0.5447622185407328,0.2606809078771695,0.1166666666666667,0.13922933017349845,0.0016573363846213098,0.018059701492537314,0.030303030303030304,0.0,0.0,educational,0
1.0,0.007479508196721313,0.08903479831687347,0.11393136972345186,0.0,0.0625,0.060654219912957955,0.0,0.07014925373134329,0.0,0.0,0.0,educational,0
1.0,0.0022677595628415306,0.15584064382835572,0.3636099343178858,0.6258344459279038,0.14166666666666672,0.5687556078447336,0.0,0.0,0.12121212121212122,0.0,0.0,educational,0
1.0,0.002479508196721312,0.15664110246952306,0.4294525474435382,0.46795727636849127,0.09999999999999998,0.23887759392293084,0.008291651447498218,0.06447761194029851,0.09090909090909091,0.0,0.0,educational,0
1.0,0.004890710382513662,0.5309961383279068,0.4900112789185347,0.24299065420560748,0.0625,0.11517333870225487,0.007543738026552169,0.1235820895522388,0.0,0.0,0.0,educational,0
1.0,0.005102459016393443,0.5334624163033954,0.5018567829571725,0.43157543391188247,0.08333333333333337,0.36504448015031477,0.015099899864083508,0.14477611940298507,0.09090909090909091,0.0,0.0,educational,0
1.0,0.004241803278688525,0.3434183910781312,0.4948676411690851,0.3811748998664886,0.07500000000000007,0.10143080774495856,0.005065601863240345,0.04940298507462687,0.06060606060606061,0.0,0.0,educational,0
1.0,0.002479508196721312,0.1739915843672591,0.44455677654937387,0.5216955941255007,0.09583333333333333,0.23028940693316277,0.01739499187896889,0.05477611940298508,0.030303030303030304,0.0,0.0,educational,0
1.0,0.005102459016393443,0.16652784838880655,0.3694347212289457,0.4055407209612817,0.0625,0.0999990455317563,0.00136082142925178,0.012835820895522388,0.06060606060606061,0.07692307692307693,0.0,educational,0
1.0,0.00532103825136612,0.04203489566995143,0.4824033502679228,0.4899866488651535,0.04166666666666674,0.2938596491993435,0.01964038864993759,0.10970149253731343,0.030303030303030304,0.0,0.0,educational,0
1.0,0.004460382513661202,0.23645980940430733,0.4403223726936294,0.08210947930574099,0.11250000000000004,0.27484584700801734,0.004412109405735991,0.07074626865671642,0.21212121212121213,0.0,0.0,educational,0
1.0,0.00532103825136612,0.16734994104730277,0.5268327257352421,0.6962616822429906,0.12916666666666665,0.4450537389135031,0.03189689230792167,0.03417910447761194,0.06060606060606061,0.0,0.0,educational,0
1.0,0.004023224043715848,0.026101441907254965,0.3223997725560406,0.46962616822429903,0.14583333333333337,0.3116707711315797,1.1595556913892223e-05,0.00417910447761194,0.0,0.0,0.0,educational,0
1.0,0.007479508196721313,0.16803141259316148,0.29628239659900113,0.3124165554072096,0.04166666666666674,0.062315064080272584,0.0019613056265783417,0.1262686567164179,0.030303030303030304,0.0,0.0,educational,1
1.0,0.004460382513661202,0.20025528140448043,0.3636099343178858,0.3955273698264352,0.07500000000000007,0.24408920837898712,0.00012672287198753644,0.03805970149253731,0.030303030303030304,0.0,0.0,educational,0
1.0,0.004672131147540983,0.5285190433437537,0.5177658034206503,0.3811748998664886,0.09166666666666667,0.2715241586733881,0.022839934104106566,0.11,0.030303030303030304,0.0,0.0,educational,0
1.0,0.002479508196721312,0.0993542245827339,0.5311596813205228,0.24365821094793055,0.08750000000000002,0.18561842588125196,0.012074287763622916,0.08373134328358209,0.0,0.0,0.0,educational,0
1.0,0.008128415300546449,0.10019795125855896,0.6212689857697338,0.6665554072096127,0.050000000000000044,0.5893753701761032,0.024638901933890418,0.07656716417910447,0.0,0.07692307692307693,0.0,educational,0
1.0,0.005102459016393443,0.18487349508366957,0.4134876570152666,0.5220293724966621,0.05833333333333335,0.17874358096843557,0.011101089236921248,0.12507462686567164,0.030303030303030304,0.0,0.0,educational,0
1.0,0.006830601092896176,0.22644325938105075,0.395575018884043,0.19225634178905204,0.04583333333333339,0.06363228531641868,0.00032716035578481627,0.002537313432835821,0.06060606060606061,0.07692307692307693,0.0,educational,0
1.0,0.00532103825136612,0.16734994104730277,0.5447622185407328,0.014018691588785045,0.10416666666666674,0.05503932574775956,0.0007371461180974341,0.00955223880597015,0.030303030303030304,0.0,0.0,educational,0
1.0,0.004672131147540983,0.03759992211753761,0.5529501021220287,0.5781041388518023,0.06666666666666665,0.4089709448513604,0.02256826677069538,0.11850746268656717,0.030303030303030304,0.0,0.0,educational,0
1.0,0.00575136612021858,0.18016809631464514,0.46876172470020916,0.5086782376502003,0.050000000000000044,0.14781990345271206,0.001988638010732516,0.08537313432835822,0.0,0.0,0.0,educational,0
1.0,0.002479508196721312,0.20871418218005994,0.40478427910904413,0.12516688918558078,0.10833333333333339,0.18733654053709467,0.0007313483396404881,0.020597014925373136,0.030303030303030304,0.0,0.0,educational,0
1.0,0.005969945355191258,0.08018648522937467,0.40025364210526826,0.1769025367156208,0.04166666666666674,0.14650029592712047,0.0038265337815844335,0.09582089552238807,0.030303030303030304,0.0,0.0,educational,0
1.0,0.004241803278688525,0.026296148063214595,0.40119334534651396,0.1515353805073431,0.07500000000000007,0.12204341103618026,0.0019190646692491629,0.04074626865671642,0.0,0.0,0.0,educational,0
1.0,0.004890710382513662,0.07072160264800373,0.5318990336819158,0.6375166889185581,0.054166666666666696,0.1959247275268628,0.004469258936240174,0.03447761194029851,0.06060606060606061,0.0,0.2,educational,0
1.0,0.004460382513661202,0.8880655943405411,0.5447622185407328,0.5420560747663551,0.125,0.32478094042562144,0.0774906220933459,0.032985074626865674,0.030303030303030304,0.0,0.0,educational,0
1.0,0.006612021857923498,0.10610403798933445,0.26431731188959495,0.3938584779706275,0.050000000000000044,0.07565431532842674,0.0027763076268119092,0.11910447761194029,0.0,0.0,0.0,educational,1
1.0,0.0,0.081776585503045,0.3217297125882943,0.18991989319092123,0.09583333333333333,0.23715947926708814,0.0007114702420738157,0.01597014925373134,0.0,0.0,0.0,educational,0
1.0,0.005969945355191258,0.1698486700487847,0.487519930009491,0.3274365821094793,0.0625,0.34024635861765146,0.002762227307702183,0.0673134328358209,0.06060606060606061,0.0,0.0,educational,1
1.0,0.005102459016393443,0.39403117461897086,0.5964106045595505,0.47663551401869153,0.09166666666666667,0.31057785927065495,0.0,0.0,0.030303030303030304,0.07692307692307693,0.0,educational,1
1.0,0.002479508196721312,0.03513364414204896,0.3636099343178858,0.32710280373831774,0.12083333333333335,0.08252677395179762,0.0,0.0,0.0,0.0,0.0,educational,0
1.0,0.004460382513661202,0.6346663493677458,0.579067478508815,0.3895193591455273,0.09583333333333333,0.46051438452664206,0.011753753440360323,0.09134328358208955,0.030303030303030304,0.0,0.0,educational,0
1.0,0.004241803278688525,0.2353132064858784,0.23819993593255528,0.0,0.08750000000000002,0.06614980052220917,0.0,0.0,0.06060606060606061,0.0,0.0,educational,0
1.0,0.004672131147540983,0.2303373825002434,0.33749255836084635,0.486648865153538,0.0625,0.1185522975254122,0.0064463013900587975,0.1262686567164179,0.0,0.0,0.0,educational,0
1.0,0.006830601092896176,0.10475191190628146,0.33749255836084635,0.21028037383177567,0.054166666666666696,0.061909398081684955,0.0014204557219517973,0.059552238805970145,0.0,0.0,0.0,educational,0
1.0,0.005539617486338798,0.13115623005614024,0.5268327257352421,0.5216955941255007,0.050000000000000044,0.24574766625685623,0.005677681617480799,0.08,0.0,0.0,0.0,educational,0
1.0,0.006612021857923498,0.0777093902452216,0.40530274728266824,0.7970627503337783,0.04583333333333339,0.07565431532842674,0.0066856668149241445,0.13850746268656716,0.030303030303030304,0.0,0.0,educational,1
1.0,0.003811475409836067,0.297305483141692,0.5713002956764681,0.3574766355140187,0.07916666666666672,0.2577768551372008,0.043185995217661026,0.10940298507462687,0.030303030303030304,0.0,0.0,educational,0
1.0,0.004023224043715848,0.0906789836338659,0.4948676411690851,0.40253671562082777,0.06666666666666665,0.2045129145166309,0.006196996916410115,0.08940298507462686,0.030303030303030304,0.07692307692307693,0.0,educational,0
1.0,0.004460382513661202,0.20930911765660323,0.594160263454127,0.2246328437917223,0.0625,0.44046732725236476,0.0067800877783658385,0.09701492537313433,0.06060606060606061,0.23076923076923078,0.0,educational,0
1.0,0.0010314207650273226,0.21861174510800785,0.4294374690565472,0.5817757009345794,0.11250000000000004,0.08602504633090216,0.002237114230315921,0.013582089552238805,0.0,0.0,0.0,educational,0
1.0,0.003381147540983607,0.08213354678897097,0.3636099343178858,0.13851802403204272,0.10416666666666674,0.1426607869062929,0.0008986556608266472,0.006119402985074626,0.06060606060606061,0.0,0.0,educational,0
1.0,0.0022677595628415306,0.32862072322519936,0.4367851802161413,0.17923898531375165,0.12916666666666665,0.2354413646112454,0.007934673945363393,0.04701492537313433,0.0,0.0,0.0,educational,0
1.0,0.00575136612021858,0.22293854857377743,0.4002721269528584,0.6835781041388518,0.050000000000000044,0.10830088007888396,0.014962409689247357,0.1308955223880597,0.0,0.0,0.0,educational,0
1.0,0.0035928961748633885,0.6229190779581815,0.6315599046716296,0.24499332443257674,0.125,0.2045129145166309,0.05841344620779735,0.021343283582089555,0.030303030303030304,0.0,0.0,educational,0
1.0,0.0022677595628415306,0.14719785390548099,0.31421188840174885,0.6101468624833111,0.10416666666666674,0.1289182559489966,0.0006973899229640894,0.00955223880597015,0.06060606060606061,0.0,0.0,educational,0
1.0,0.004460382513661202,0.10976018691790974,0.42169239527082936,0.5417222963951935,0.06666666666666665,0.07909054464011218,0.002605687289364638,0.06014925373134328,0.06060606060606061,0.0,0.0,educational,0
1.0,0.004023224043715848,0.05479896589397168,0.3611234014393443,0.042389853137516684,0.07500000000000007,0.15491905774074982,0.0013334890450976055,0.02970149253731343,0.06060606060606061,0.0,0.2,educational,1
1.0,0.0013661202185792356,0.06440446958798014,0.47977485622377336,0.4145527369826435,0.11250000000000004,0.1649962774322483,0.0028997174825383335,0.011343283582089551,0.030303030303030304,0.0,0.0,educational,0
1.0,0.0013661202185792356,0.016950252577152315,0.395575018884043,0.30173564753004,0.10833333333333339,0.1873317679582037,0.0015968738378560146,0.011044776119402985,0.06060606060606061,0.0,0.0,educational,0
1.0,0.0035928961748633885,0.04704317068157972,0.3636099343178858,0.28704939919893185,0.09166666666666667,0.07909054464011218,0.0019024995879436024,0.038955223880597016,0.030303030303030304,0.0,0.0,educational,0
1.0,0.002479508196721312,0.15664110246952306,0.5816959725529649,0.39419225634178906,0.09999999999999998,0.29385487662045245,0.0195948346763473,0.06985074626865671,0.06060606060606061,0.0,0.0,educational,0
1.0,0.002479508196721312,0.09415124341514598,0.3242971377326407,0.6762349799732977,0.13333333333333341,0.09117700400898483,4.969524391668095e-06,0.00044776119402985075,0.0,0.0,0.0,educational,0
1.0,0.0022677595628415306,0.1904009865111902,0.4403223726936294,0.5841121495327103,0.09999999999999998,0.39350552665933036,0.016060674579806006,0.10149253731343284,0.0,0.0,0.0,educational,0
1.0,0.006181693989071038,0.04871980702456544,0.23819993593255528,0.5287049399198932,0.054166666666666696,0.10830088007888396,0.0,0.07014925373134329,0.030303030303030304,0.0,0.0,educational,0
1.0,0.004672131147540983,0.3466959447034517,0.5680428870673406,0.5761014686248331,0.0625,0.1754791631223344,0.005329814910064032,0.034328358208955224,0.06060606060606061,0.0,0.2,educational,0
1.0,0.005102459016393443,0.07478879790582713,0.2904346878466346,0.545060080106809,0.050000000000000044,0.17015300768922195,0.0009599464616572204,0.05761194029850746,0.030303030303030304,0.0,0.0,educational,0
1.0,0.004460382513661202,0.0735556589180828,0.33749255836084635,0.0540720961281709,0.07916666666666672,0.08940161886461402,0.00113553632349616,0.03194029850746268,0.06060606060606061,0.0,0.0,educational,0
1.0,0.004460382513661202,0.04821140761733751,0.4094363153207168,0.45460614152202933,0.054166666666666696,0.17015300768922195,0.0007628219941210526,0.0764179104477612,0.030303030303030304,0.0,0.0,educational,0
1.0,0.003811475409836067,0.2865966445639123,0.56728596951677,0.6298397863818425,0.11250000000000004,0.46738684315001294,0.04734962840381361,0.02477611940298508,0.12121212121212122,0.0,0.0,educational,0
1.0,0.004890710382513662,0.045150194165305524,0.2863992386229943,0.3374499332443257,0.07083333333333341,0.19936095683854824,0.0018602586306144238,0.14582089552238806,0.06060606060606061,0.0,0.0,educational,0
1.0,0.004241803278688525,0.1992709336160178,0.5371606014399102,0.7066088117489987,0.0625,0.2199783327086609,0.028877906239983302,0.10462686567164178,0.030303030303030304,0.0,0.0,educational,0
1.0,0.004023224043715848,0.07273356625958657,0.324014130046123,0.6401869158878504,0.07083333333333341,0.09455596283214218,0.0004000467135292817,0.006865671641791044,0.030303030303030304,0.07692307692307693,0.0,educational,0
1.0,0.0022677595628415306,0.15584064382835572,0.3263246474669932,0.6388518024032043,0.1166666666666667,0.48456798970844017,0.009190307108324865,0.015522388059701494,0.0,0.07692307692307693,0.0,educational,0
1.0,0.007049180327868855,0.12438478263221091,0.4256172696087863,0.43624833110814415,0.04166666666666674,0.07571397210640032,0.00466721165784162,0.14507462686567166,0.0,0.0,0.0,educational,0
1.0,0.0020081967213114752,0.49856674635196385,0.5209850175558715,0.3404539385847797,0.14166666666666672,0.7534505468865692,0.0035233927936926795,0.035671641791044775,0.0,0.0,0.0,educational,0
1.0,0.0013661202185792356,0.1525414561857064,0.5464376642692299,0.21328437917222962,0.13750000000000007,0.19076799726988913,0.0,0.0,0.0,0.0,0.0,educational,0
1.0,0.004460382513661202,0.27265352039546986,0.4536574798369868,0.3728304405874499,0.0625,0.1890498826140464,0.0009524921750697183,0.02074626865671642,0.0,0.0,0.0,educational,0
1.0,0.004890710382513662,0.2752928705095893,0.6599847828018881,0.5684245660881175,0.0625,0.23715947926708814,0.09397619100863952,0.13850746268656716,0.0,0.0,0.0,educational,0
1.0,0.003381147540983607,0.18121734615509424,0.395575018884043,0.35246995994659547,0.09166666666666667,0.1804616956242783,0.0005930299107390594,0.008059701492537314,0.09090909090909091,0.0,0.0,educational,1
1.0,0.002479508196721312,0.3545166419678302,0.4629025566029279,0.3624833110814419,0.10416666666666674,0.19936095683854824,0.0014676662036726441,0.011044776119402985,0.06060606060606061,0.07692307692307693,0.0,educational,0
1.0,0.003811475409836067,0.06876372407974299,0.3750759703922175,0.5023364485981309,0.06666666666666665,0.18738903844673177,0.0006054537217182296,0.008656716417910448,0.09090909090909091,0.07692307692307693,0.0,educational,1
1.0,0.0022677595628415306,0.3977414085908683,0.395575018884043,0.46328437917222964,0.13750000000000007,0.1873317679582037,0.001246522368243414,0.01865671641791045,0.0,0.0,0.0,educational,0
1.0,0.003381147540983607,0.5492336149361255,0.5508852397879891,0.12283044058744993,0.1166666666666667,0.2243308898367958,0.002755601275179959,0.01597014925373134,0.0,0.0,0.0,educational,1
1.0,0.004672131147540983,0.28852207210617975,0.5591792995087272,0.7523364485981308,0.05833333333333335,0.21826021805281817,0.05435086001760868,0.12164179104477613,0.030303030303030304,0.0,0.0,educational,1
1.0,0.0035928961748633885,0.16079483379666187,0.5052275015046417,0.2576769025367156,0.08750000000000002,0.31619036714640786,0.0012092509353059033,0.057313432835820896,0.06060606060606061,0.0,0.0,educational,0
1.0,0.006830601092896176,0.4394085259662293,0.4629025566029279,0.4425901201602136,0.04583333333333339,0.08768350420877129,0.00217499517542007,0.09119402985074627,0.09090909090909091,0.0,0.0,educational,0
1.0,0.004023224043715848,0.026101441907254965,0.2757833475341793,0.8040720961281709,0.07916666666666672,0.06918513641419798,0.0006394121383946282,0.03835820895522388,0.0,0.0,0.0,educational,0
1.0,0.004241803278688525,0.058736357047822,0.3636099343178858,0.6458611481975968,0.0625,0.757748219987433,0.0,0.0,0.0,0.0,0.0,educational,0
1.0,0.0042213114754098375,0.7034625244734821,0.6328413741797454,0.2987316421895861,0.09583333333333333,0.39969073942036415,0.02595748240581302,0.09149253731343283,0.09090909090909091,0.0,0.0,educational,0
1.0,0.004460382513661202,0.1640615704133179,0.395575018884043,0.0,0.07083333333333341,0.0962740774879849,0.0,0.0,0.030303030303030304,0.07692307692307693,0.0,educational,1
1.0,0.0022677595628415306,0.3424448602983331,0.4396218866438304,0.482977303070761,0.1166666666666667,0.15984431975416563,0.0030984984582050575,0.015223880597014924,0.030303030303030304,0.0,0.0,educational,0
1.0,0.0022677595628415306,0.03489566995143163,0.5063336772434166,0.19826435246995994,0.10833333333333339,0.3265014413709097,0.0018486630737005315,0.05746268656716418,0.0,0.0,0.0,educational,0
1.0,0.004890710382513662,0.12186441961340012,0.4536574798369868,0.5677570093457944,0.07500000000000007,0.13579071457236752,0.004260538911790114,0.04343283582089553,0.0,0.0,0.0,educational,0
1.0,0.005539617486338798,0.20057979166441312,0.33164484946523065,0.01869158878504673,0.05833333333333335,0.36429996379944957,0.0,0.0,0.06060606060606061,0.0,0.0,educational,0
1.0,0.0022677595628415306,0.25951085486819475,0.395575018884043,0.5607476635514018,0.13333333333333341,0.3316533990489923,0.0062864483554601405,0.03835820895522388,0.0,0.0,0.0,educational,0
1.0,0.004672131147540983,0.27397319545252957,0.2757833475341793,0.0,0.08750000000000002,0.07222047230618679,0.0,0.0,0.09090909090909091,0.0,0.0,educational,1
1.0,0.004890710382513662,0.1291767174705507,0.395575018884043,0.14285714285714285,0.1166666666666667,0.46394822754888204,0.0016970925797546545,0.013582089552238805,0.24242424242424243,0.0,0.0,educational,0
1.0,0.005170765027322405,0.20352201802113642,0.395575018884043,0.3618157543391188,0.054166666666666696,0.1426631731957384,0.003281542606631499,0.08447761194029851,0.030303030303030304,0.0,0.0,educational,0
1.0,0.004460382513661202,0.1640615704133179,0.40482009564998434,0.39419225634178906,0.05833333333333335,0.28354857497484165,0.0010585086954253043,0.09537313432835821,0.030303030303030304,0.07692307692307693,0.0,educational,0
1.0,0.004241803278688525,0.41549211980918793,0.5736612149623013,0.29205607476635514,0.07916666666666672,0.36773619311113503,0.0043060928853804045,0.01865671641791045,0.030303030303030304,0.07692307692307693,0.0,educational,0
1.0,0.0035109289617486347,0.16047032353672916,0.5169495679024845,0.4846461949265687,0.08750000000000002,0.19987639123530104,0.0033900438891829193,0.025522388059701494,0.06060606060606061,0.0,0.0,educational,0
1.0,0.004023224043715848,0.16241738509632545,0.395575018884043,0.6074766355140186,0.09999999999999998,0.09283784817629946,0.0016432560655115836,0.03701492537313433,0.0,0.0,0.0,educational,1
1.0,0.004023224043715848,0.12654818436509566,0.5128055598792194,0.6595460614152203,0.07916666666666672,0.21826021805281817,0.020542357327025352,0.12895522388059702,0.09090909090909091,0.0,0.0,educational,1
1.0,0.005409836065573771,0.16768526831589992,0.29628239659900113,0.13351134846461948,0.06666666666666665,0.07393858696202951,0.0,0.0,0.06060606060606061,0.07692307692307693,0.0,educational,0
1.0,0.0037431693989071037,0.07221434984369424,0.4176569456174424,0.6214953271028038,0.07500000000000007,0.28698480428652706,0.007186760524417344,0.08626865671641791,0.06060606060606061,0.0,0.0,educational,0
1.0,0.00493169398907104,0.15855571300312613,0.46875026478229853,0.39986648865153535,0.054166666666666696,0.10142603516606757,0.002089685006696434,0.05970149253731343,0.0,0.0,0.0,educational,0
1.0,0.0035109289617486347,0.05402014127013316,0.44377432200422895,0.4502670226969292,0.08333333333333337,0.29729110593213787,0.009787478289390314,0.02343283582089552,0.0,0.0,0.0,educational,0
1.0,0.00176912568306011,0.32498620831395286,0.43677085531875304,0.15720961281708945,0.13333333333333341,0.11173710939056941,0.00018967018094866563,0.0038805970149253734,0.0,0.0,0.0,educational,0
1.0,0.0035109289617486347,0.16047032353672916,0.395575018884043,0.48331108144192253,0.125,0.1581262050983229,0.00011181429881253214,0.0026865671641791047,0.0,0.0,0.0,educational,0
1.0,0.0037431693989071037,0.11143682326089545,0.33752120529064333,0.12016021361815754,0.09166666666666667,0.07737481627371495,0.0028781828768411053,0.032238805970149255,0.06060606060606061,0.0,0.0,educational,0
1.0,0.00493169398907104,0.05618354300301795,0.10694222879485826,0.20026702269692923,0.07083333333333341,0.05503932574775956,0.0004952959310362535,0.08119402985074627,0.06060606060606061,0.0,0.0,educational,0
1.0,0.0061202185792349735,0.24538384155245707,0.45988667722368515,0.7276368491321762,0.050000000000000044,0.17186873605561917,0.005548473983297429,0.09686567164179105,0.030303030303030304,0.15384615384615385,0.0,educational,0
1.0,0.0035109289617486347,0.16047032353672916,0.395575018884043,0.34445927903871826,0.09999999999999998,0.07737481627371495,0.0019463970534033374,0.011791044776119404,0.030303030303030304,0.0,0.0,educational,0
1.0,0.00176912568306011,0.10272913128603417,0.2757392642382055,0.0,0.09583333333333333,0.36429996379944957,0.009704652882862512,0.04865671641791045,0.06060606060606061,0.0,0.0,educational,1
1.0,0.00493169398907104,0.1293065215745238,0.46875026478229853,0.036048064085447265,0.07500000000000007,0.09111973352045674,0.0012448658601128578,0.024328358208955226,0.0,0.0,0.0,educational,0
1.0,0.0020081967213114752,0.18925438359276125,0.4367851802161413,0.09712950600801068,0.09999999999999998,0.17015062139977646,0.005961772761871159,0.04776119402985075,0.0,0.0,0.0,educational,1
1.0,0.001188524590163934,0.01682044847317923,0.3907186566334926,0.7182910547396528,0.10416666666666674,0.17186873605561917,0.0027266123828952283,0.06388059701492536,0.030303030303030304,0.0,0.0,educational,0
1.0,0.00493169398907104,0.34867545728904126,0.4948676411690851,0.3184245660881174,0.06666666666666665,0.1186095680139403,0.00187433894972415,0.026417910447761192,0.0,0.23076923076923078,0.0,educational,0
1.0,0.001188524590163934,0.06410159334537628,0.4443257904439666,0.3828437917222964,0.12083333333333335,0.41240717416304584,0.011472975312231076,0.03656716417910448,0.0,0.0,0.0,educational,0
1.0,0.005170765027322405,0.6444449252003852,0.5268327257352421,0.09512683578104139,0.06666666666666665,0.26293119910472895,0.003635207092505212,0.011492537313432836,0.09090909090909091,0.0,0.0,educational,0
1.0,0.004460382513661202,0.1640615704133179,0.4367851802161413,0.35246995994659547,0.06666666666666665,0.2423138232346163,0.012457769395846637,0.09940298507462686,0.0,0.0,0.0,educational,0
1.0,0.004692622950819673,0.03580429867924324,0.31421188840174885,0.2473297730307076,0.06666666666666665,0.10486226447775301,0.0,0.0,0.0,0.07692307692307693,0.0,educational,0
1.0,0.004460382513661202,0.4174608153861132,0.6473863621565203,0.21128170894526033,0.08750000000000002,0.5120578242019237,0.03179170404163136,0.1344776119402985,0.030303030303030304,0.0,0.0,educational,0
1.0,0.0020081967213114752,0.044912219974688194,0.42754010345020044,0.7189586114819759,0.10833333333333339,0.17186873605561917,0.0024350669519173666,0.04820895522388059,0.15151515151515152,0.0,0.0,educational,0
1.0,0.0020081967213114752,0.13771133730678117,0.32398265022461836,0.20994659546061414,0.15000000000000002,0.1426631731957384,5.797778456946111e-05,0.001044776119402985,0.030303030303030304,0.0,0.0,educational,0
1.0,0.004460382513661202,0.4491330167555464,0.42852986934283854,0.8100801068090787,0.08333333333333337,0.10658037913359575,0.004181026521523424,0.08283582089552238,0.0,0.0,0.0,educational,1
1.0,0.00176912568306011,0.10272913128603417,0.4070410549583745,0.2613484646194926,0.10416666666666674,0.11345522404641213,0.0009044534392835934,0.014776119402985075,0.0,0.0,0.0,educational,0
1.0,0.0042213114754098375,0.18116326111177217,0.5636796379220372,0.49232309746328434,0.07083333333333341,0.4622301128930393,0.030171639089947563,0.1055223880597015,0.0,0.0,0.0,educational,0
1.0,0.0037431693989071037,0.48231959933799906,0.5803877541639559,0.7106141522029372,0.09583333333333333,0.29042103359821253,0.013096353280175988,0.0746268656716418,0.030303030303030304,0.0,0.0,educational,1
1.0,0.0042213114754098375,0.5359719623135418,0.4805368204356937,0.5163551401869159,0.10833333333333339,0.2543382395360698,0.013014356127713464,0.04164179104477612,0.15151515151515152,0.0,0.0,educational,1
1.0,0.001188524590163934,0.15190325267450538,0.5018567829571725,0.012683578104138851,0.14166666666666672,0.12067130560095156,0.0009417248722211041,0.006417910447761194,0.030303030303030304,0.0,0.0,educational,0
1.0,0.0042213114754098375,0.052397589970469574,0.395575018884043,0.2790387182910547,0.08333333333333337,0.06706374204921313,0.00022942637608201042,0.06895522388059702,0.06060606060606061,0.0,0.0,educational,0
1.0,0.0039822404371584715,0.42748818241803416,0.6298952756731506,0.5801068090787717,0.08750000000000002,0.40037798528270124,0.0003743708375056632,0.012537313432835822,0.030303030303030304,0.0,0.0,educational,0
1.0,0.0009562841530054642,0.0771252717773427,0.46845199749883815,0.26568758344459276,0.1625000000000001,0.8092916596627147,0.00046547878468624493,0.0014925373134328358,0.0,0.0,0.0,educational,0
1.0,0.0056420765027322415,0.3912512033922139,0.5988573715229422,0.5440587449933244,0.06666666666666665,0.7440033027406913,0.05183793718355518,0.1155223880597015,0.09090909090909091,0.0,0.0,educational,0
1.0,0.001188524590163934,0.08436185057384231,0.2863992386229943,0.7179572763684913,0.12083333333333335,0.11173472310112391,0.0020872002445006,0.019850746268656717,0.0,0.0,0.0,educational,0
1.0,0.0009562841530054642,0.08384263415794997,0.5497308879868077,0.18624833110814418,0.15000000000000002,0.2801099593737107,0.0,0.0,0.0,0.0,0.0,educational,0
1.0,0.0042213114754098375,0.8835657187361408,0.5360778025011834,0.4125500667556742,0.10416666666666674,0.2749556154061825,0.03913997410877792,0.047164179104477615,0.030303030303030304,0.0,0.0,educational,1
1.0,0.00176912568306011,0.11983082198448843,0.2062348512231491,0.3154205607476635,0.10416666666666674,0.23887520763348533,0.002395310756784022,0.06343283582089553,0.06060606060606061,0.0,0.0,educational,0
1.0,0.0058811475409836075,0.13222711391391823,0.4823929317700524,0.1054739652870494,0.04583333333333339,0.41412528881888855,0.0032003737082342536,0.07895522388059702,0.06060606060606061,0.0,0.0,educational,1
1.0,0.0035109289617486347,0.16047032353672916,0.5190118431600554,0.34245660881174894,0.09583333333333333,0.417561518130574,0.001567884945571284,0.03686567164179105,0.0,0.0,0.0,educational,0
1.0,0.004692622950819673,0.03126115504018519,0.3750759703922175,0.6438584779706275,0.07500000000000007,0.1512513601855065,0.01697341055974238,0.14223880597014926,0.0,0.0,0.0,educational,1
1.0,0.0058811475409836075,0.13968003288370634,0.5287300913415893,0.5100133511348464,0.04583333333333339,0.2113853731400018,0.012902541828900932,0.13597014925373133,0.0,0.0,0.0,educational,0
1.0,0.005170765027322405,0.9016517572230576,0.5472680943282178,0.10914552736982643,0.09166666666666667,0.31103840946832517,0.004540488785854083,0.08611940298507463,0.0,0.0,0.0,educational,1
1.0,0.001188524590163934,0.033705798998345,0.33749255836084635,0.11415220293724966,0.1625000000000001,0.2749556154061825,0.0014254252463434653,0.012835820895522388,0.0,0.0,0.0,educational,0
1.0,0.0037431693989071037,0.0365506722770885,0.24922452608478918,0.21495327102803738,0.15416666666666667,0.501746749977422,0.0022884659823631578,0.013432835820895522,0.15151515151515152,0.0,0.0,educational,1
1.0,0.0058811475409836075,0.05764383917271518,0.3636099343178858,0.49599465954606137,0.06666666666666665,0.06706374204921313,0.00021617431103756216,0.12985074626865672,0.0,0.0,0.0,educational,0
1.0,0.00176912568306011,0.32498620831395286,0.5505424994280967,0.2947263017356475,0.125,0.4038142145943867,0.062397348261784606,0.04865671641791045,0.0,0.0,0.0,educational,0
1.0,0.00659153005464481,0.11551483552738327,0.26431731188959495,0.40053404539385845,0.04166666666666674,0.5326728137825909,0.001973729437557512,0.14223880597014926,0.0,0.07692307692307693,0.0,educational,0
1.0,0.0020081967213114752,0.1548887470658864,0.3125166144367848,0.49833110814419224,0.09999999999999998,0.19420422658157457,0.005059804084783399,0.0655223880597015,0.030303030303030304,0.0,0.0,educational,0
1.0,0.0039822404371584715,0.8790766601404049,0.5651488710226702,0.16255006675567424,0.12916666666666665,0.5412681596406955,0.002602374273103526,0.012835820895522388,0.09090909090909091,0.0,0.0,educational,0
1.0,0.001188524590163934,0.21944465477516847,0.5169495679024845,0.411214953271028,0.1166666666666667,0.17702546631259283,0.0026777453930438254,0.015522388059701494,0.09090909090909091,0.0,0.0,educational,0
1.0,0.00176912568306011,0.23949938883901045,0.49956474923790006,0.0,0.14166666666666672,0.21654210339697547,0.0,0.0,0.030303030303030304,0.0,0.0,educational,0
1.0,0.0056420765027322415,0.7252263459063031,0.594160263454127,0.6705607476635513,0.06666666666666665,0.4931609492770993,0.047875569735265154,0.12223880597014926,0.030303030303030304,0.0,0.0,educational,0
1.0,0.0035109289617486347,0.23144071738401462,0.43131003110306665,0.05106809078771695,0.13333333333333341,0.07565908790731773,0.0006435534087210183,0.007164179104477612,0.0,0.0,0.0,educational,0
1.0,0.0037431693989071037,0.018713424989453418,0.37059907467348374,0.009679572763684911,0.08333333333333337,0.13922933017349845,4.969524391668095e-06,0.00014925373134328358,0.0,0.0,0.0,educational,0
1.0,0.0042213114754098375,0.45131805250576007,0.5169495679024845,0.11214953271028036,0.08750000000000002,0.2801123456631562,0.0070691484471478655,0.07582089552238806,0.0,0.07692307692307693,0.0,educational,0
1.0,0.0039822404371584715,0.26261533635488443,0.5460323284052195,0.29439252336448596,0.12083333333333335,0.16001851750919538,0.0031564762427745184,0.008656716417910448,0.0,0.0,0.0,educational,0
1.0,0.0037431693989071037,0.2861855982346642,0.33164484946523065,0.4692923898531375,0.08750000000000002,0.15297186113079472,0.0027473187345271786,0.09343283582089552,0.0,0.0,0.0,educational,0
1.0,0.004460382513661202,0.2545566648998886,0.4824033502679228,0.14986648865153537,0.07083333333333341,0.13922933017349845,0.0055029200097071376,0.06701492537313433,0.030303030303030304,0.0,0.0,educational,0
1.0,0.0020081967213114752,0.1548887470658864,0.46875026478229853,0.44292389853137515,0.10833333333333339,0.11173710939056941,0.0038729160092400025,0.026865671641791045,0.0,0.0,0.0,educational,0
1.0,0.0056420765027322415,0.16859389704371153,0.5680428870673406,0.40654205607476634,0.04583333333333339,0.1426655594851839,0.02349756783193731,0.06014925373134328,0.06060606060606061,0.0,0.0,educational,0
1.0,0.006359289617486341,0.21842785596071262,0.33164484946523065,0.5050066755674232,0.04166666666666674,0.475979802718672,0.003988043324313646,0.14089552238805972,0.0,0.07692307692307693,0.0,educational,0
1.0,0.0020081967213114752,0.1548887470658864,0.44377432200422895,0.25734312416555405,0.09583333333333333,0.2921415345435008,0.0053447234832390365,0.05238805970149254,0.0,0.0,0.0,educational,0
1.0,0.001188524590163934,0.15190325267450538,0.395575018884043,0.5767690253671562,0.1166666666666667,0.13934387115055463,0.016883959120692356,0.027611940298507463,0.0,0.0,0.0,educational,0
1.0,0.004692622950819673,0.09219336484688526,0.3165520636604251,0.12983978638184246,0.054166666666666696,0.17015539397866744,0.0011313950531697697,0.1274626865671642,0.030303030303030304,0.0,0.0,educational,0
1.0,0.00493169398907104,0.1293065215745238,0.44377432200422895,0.45694259012016014,0.054166666666666696,0.09971269308911584,0.007173508459372896,0.1017910447761194,0.06060606060606061,0.0,0.2,educational,0
1.0,0.00176912568306011,0.01725312881975619,0.4824033502679228,0.35680907877169554,0.12083333333333335,0.5601674208549654,0.014137468640230454,0.016865671641791046,0.030303030303030304,0.0,0.0,educational,0
1.0,0.001188524590163934,0.18567395372483692,0.5360778025011834,0.22530040053404538,0.12916666666666665,0.19598199801539087,0.003192919421646751,0.025074626865671645,0.030303030303030304,0.0,0.0,educational,0
1.0,0.0020081967213114752,0.4229558557876405,0.5844343371275931,0.5150200267022697,0.13750000000000007,0.16156482069945385,0.0,0.0,0.030303030303030304,0.0,0.0,educational,0
1.0,0.0035109289617486347,0.018540352850822634,0.19114206541834355,0.31708945260347127,0.09166666666666667,0.2783942310073135,0.0012854503093114808,0.013582089552238805,0.06060606060606061,0.0,0.0,educational,0
1.0,0.0037431693989071037,0.26834835094702914,0.4984048322140835,0.6572096128170895,0.08750000000000002,0.17736908924376138,0.016537748921406144,0.07761194029850746,0.0,0.0,0.0,educational,0
1.0,0.0020081967213114752,0.18925438359276125,0.4367851802161413,0.6428571428571429,0.09583333333333333,0.23200752158900548,0.004409624643540157,0.09925373134328358,0.0,0.0,0.0,educational,0
1.0,0.004460382513661202,0.3450625763951237,0.6607397636263321,0.4072096128170894,0.08333333333333337,0.46738684315001294,0.00036774480498343905,0.0037313432835820895,0.0,0.0,0.0,educational,0
1.0,0.001188524590163934,0.21944465477516847,0.575032028855428,0.24799732977303068,0.11250000000000004,0.38663545432540497,0.02582744651756437,0.05238805970149254,0.030303030303030304,0.0,0.0,educational,0
1.0,0.0039822404371584715,0.413144828929008,0.41180923743807174,0.7533377837116154,0.08333333333333337,0.324783326715067,0.004757491350956923,0.08328358208955224,0.0,0.0,0.0,educational,0
1.0,0.004460382513661202,0.7070645883587353,0.4715869712099876,0.798731642189586,0.09166666666666667,0.10830326636832946,0.00885817722814838,0.0653731343283582,0.0,0.0,0.0,educational,1
1.0,0.00493169398907104,0.20242950014602962,0.42169239527082936,0.07777036048064086,0.09166666666666667,0.0808134318748459,0.000312251782609812,0.07029850746268657,0.0,0.0,0.0,educational,0
1.0,0.0042213114754098375,0.5233593302108235,0.5169495679024845,0.07276368491321762,0.10416666666666674,0.281887730807527,0.0037345975803385737,0.08970149253731344,0.0,0.0,0.0,educational,1
1.0,0.0058811475409836075,0.35597693813752745,0.5004859676315561,0.2823765020026702,0.08333333333333337,0.2715241586733881,0.002557648553578513,0.021044776119402985,0.030303030303030304,0.0,0.0,educational,0
1.0,0.0039822404371584715,0.6998712775968933,0.5680428870673406,0.22429906542056072,0.10416666666666674,0.16391291072910558,0.0033709940456815245,0.029104477611940297,0.0,0.0,0.0,educational,0
1.0,0.0010314207650273226,0.3195668869730765,0.4536574798369868,0.06408544726301735,0.15000000000000002,0.3644717752650339,0.001299530628421207,0.003582089552238806,0.06060606060606061,0.0,0.0,educational,0
1.0,0.0031557377049180333,0.08871028805694076,0.3778046040640497,0.3538050734312416,0.08750000000000002,0.20967203106305007,0.005925329582998926,0.10268656716417911,0.0,0.0,0.0,educational,0
1.0,0.002903005464480874,0.33335857302021704,0.41180923743807174,0.3684913217623497,0.10416666666666674,0.13922694388405296,0.0010742455226655865,0.0744776119402985,0.06060606060606061,0.0,0.0,educational,0
1.0,0.001284153005464481,0.38908780165932916,0.4367851802161413,0.4936582109479305,0.125,0.13928421437258104,0.0011239407665822676,0.010597014925373134,0.0,0.0,0.0,educational,0
1.0,0.00662568306010929,0.10424351249905353,0.4629025566029279,0.20861148197596793,0.05833333333333335,0.061112383821182684,0.0014328795329309676,0.06149253731343284,0.0,0.07692307692307693,0.0,educational,0
1.0,0.001284153005464481,0.28758099235237483,0.6673355107848722,0.13951935914552735,0.10416666666666674,0.35399366215383876,0.004690402771669404,0.01970149253731343,0.06060606060606061,0.07692307692307693,0.0,educational,1
1.0,0.0010314207650273226,0.21861174510800785,0.301900723491219,0.37983978638184246,0.09999999999999998,0.5532925759421491,0.004382292259385982,0.1,0.0,0.0,0.0,educational,0
1.0,0.003661202185792351,0.04001211504970416,0.36945764249725666,0.032042723631508674,0.07500000000000007,0.1735916232903529,5.466476830834905e-05,0.0007462686567164179,0.06060606060606061,0.0,0.2,educational,0
1.0,0.005614754098360655,0.428072300885913,0.5268327257352421,0.5861148197596795,0.05833333333333335,0.30937756530101057,0.014273302306936048,0.13611940298507463,0.0,0.0,0.0,educational,0
1.0,0.0007786885245901643,0.24409661752139067,0.42169239527082936,0.5096795727636849,0.15000000000000002,0.4278702060656303,0.0035192515233662897,0.03194029850746268,0.0,0.0,0.0,educational,0
1.0,0.0026502732240437166,0.40115958332882623,0.4367851802161413,0.17222963951935913,0.12083333333333335,0.24775690593423044,0.0009251597909155437,0.0038805970149253734,0.09090909090909091,0.0,0.0,educational,0
1.0,0.0045969945355191265,0.8635434356982921,0.5135849388688949,0.7052736982643524,0.08750000000000002,0.2337256362448482,0.027024273641891104,0.09223880597014925,0.06060606060606061,0.0,0.0,educational,0
1.0,0.000519125683060109,0.09954893073869353,0.4743685926772594,0.4853137516688918,0.13750000000000007,0.18389792493596374,0.0012407245897864678,0.004029850746268657,0.06060606060606061,0.0,0.0,educational,0
1.0,0.0031557377049180333,0.1802870834099538,0.5268327257352421,0.47797062750333774,0.07916666666666672,0.3282195560267524,0.012469364952760529,0.13134328358208955,0.030303030303030304,0.0,0.0,educational,0
1.0,0.0061202185792349735,0.17418629052321868,0.3636099343178858,0.7610146862483311,0.05833333333333335,0.30588406550079705,0.004412109405735991,0.14194029850746268,0.09090909090909091,0.0,0.0,educational,0
1.0,0.0031557377049180333,0.062295152898417486,0.4770972263490918,0.4626168224299065,0.09166666666666667,0.5137759388577664,0.0031970606919731414,0.13716417910447762,0.06060606060606061,0.0,0.0,educational,0
1.0,0.0075409836065573775,0.2821184029768408,0.28557832530958605,0.07476635514018692,0.06666666666666665,0.448487581935743,0.0008150020002335676,0.14686567164179107,0.0,0.15384615384615385,0.0,educational,1
1.0,0.002903005464480874,0.01808603848691683,0.2451890768611491,0.7132843791722296,0.07500000000000007,0.2938596491993435,0.0044974195744596265,0.07298507462686567,0.0,0.07692307692307693,0.0,educational,1
0.0,0.007103825136612024,0.11977673694116629,0.395575018884043,0.9879839786381842,0.054166666666666696,0.08384638147738921,0.0025203771206410023,0.0873134328358209,0.030303030303030304,0.0,0.0,educational,1
0.0,0.005942622950819672,0.35643125250143326,0.46875026478229853,0.24098798397863816,0.033333333333333326,0.15125374647495202,0.00830324700441211,0.12686567164179105,0.0,0.15384615384615385,0.0,educational,0
0.0,0.0029234972677595634,0.02510627711012797,0.10694222879485826,0.27036048064085444,0.05833333333333335,0.010826508604073505,0.0007454286587502143,0.055970149253731345,0.030303030303030304,0.0,0.0,educational,0
0.0,0.005724043715846995,0.04996376302097419,0.4367851802161413,0.13718291054739654,0.01666666666666672,0.02577410610990519,0.005146770761637591,0.08208955223880597,0.2727272727272727,0.0,0.0,educational,1
0.0,0.007882513661202187,0.02968187177517929,0.23235222703693958,0.27970627503337786,0.0,0.02749222076574791,0.0004522267196417967,0.07104477611940299,0.0,0.07692307692307693,0.0,educational,0
0.0,0.003135245901639344,0.12739191104092074,0.4367851802161413,0.3174232309746328,0.05833333333333335,0.013002787168140954,0.0005839191160210012,0.0808955223880597,0.06060606060606061,0.0,0.0,educational,0
0.0,0.005724043715846995,0.4291107337176977,0.29628239659900113,0.2162883845126836,0.050000000000000044,0.05503932574775956,0.0012125639515670153,0.12492537313432836,0.36363636363636365,0.0,0.0,educational,0
0.0,0.006154371584699455,0.4631194089586466,0.3223997725560406,0.07343124165554073,0.03749999999999998,0.07840568506722059,0.0005532737156057146,0.09970149253731343,0.0,0.0,0.0,educational,0
0.0,0.00162568306010929,0.08531374733631163,0.33749255836084635,0.22429906542056072,0.09999999999999998,0.17015062139977646,0.00581517179231695,0.0408955223880597,0.2727272727272727,0.0,0.0,educational,0
0.0,0.005293715846994537,0.0935671249472671,0.18836980684725368,0.0794392523364486,0.025000000000000022,0.21722934925931256,0.00038845115661538944,0.13999999999999999,0.0,0.07692307692307693,0.0,educational,0
0.0,0.003135245901639344,0.1520438737871429,0.3015881735688173,0.0,0.05833333333333335,0.05326394060338875,0.0,0.0,0.18181818181818182,0.0,0.0,educational,0
0.0,0.006154371584699455,0.14713295185349443,0.5063336772434166,0.1829105473965287,0.025000000000000022,0.08939923257516852,0.004126361753215076,0.11014925373134328,0.18181818181818182,0.0,0.2,educational,1
0.0,0.00680327868852459,0.43914891775828313,0.5360778025011834,0.15387182910547398,0.029166666666666674,0.006929729111898982,0.00028077812812924737,0.12343283582089552,0.36363636363636365,0.0,0.0,educational,0
0.0,0.005724043715846995,0.24324207383690116,0.4824033502679228,0.2970627503337784,0.029166666666666674,0.16156243441000834,0.004464289411848506,0.09985074626865673,0.09090909090909091,0.0,0.0,educational,0
0.0,0.005512295081967214,0.07186820556643267,0.4294374690565472,0.6178237650200267,0.033333333333333326,0.23709982248911451,0.0043856052756470944,0.12388059701492538,0.0,0.07692307692307693,0.0,educational,1
0.0,0.003135245901639344,0.15907492941901846,0.395575018884043,0.06008010680907877,0.05833333333333335,0.013804574007534223,0.0006866226201154752,0.03253731343283582,0.06060606060606061,0.0,0.0,educational,0
0.0,0.003135245901639344,0.2699709022466927,0.6175652076280274,0.22363150867823764,0.0625,0.35393400537586517,0.006013124513918396,0.06223880597014926,0.24242424242424243,0.0,0.0,educational,0
0.0,0.0042144808743169405,0.30720304606963994,0.35114564370322165,0.10914552736982643,0.04583333333333339,0.030353358919888097,0.0,0.0,0.030303030303030304,0.0,0.0,educational,0
0.0,0.005512295081967214,0.16808549763648362,0.2757833475341793,0.4465954606141522,0.025000000000000022,0.03614006453348961,0.004893325017662518,0.051940298507462686,0.06060606060606061,0.0,0.0,educational,0
0.0,0.003565573770491803,0.07186820556643267,0.395575018884043,0.01335113484646195,0.050000000000000044,0.0808110455854004,0.00014411620735837476,0.013731343283582088,0.21212121212121213,0.07692307692307693,0.0,educational,0
0.0,0.002274590163934426,0.3286964422858503,0.5306026533881087,0.5437249666221629,0.08750000000000002,0.18905226890349192,1.6565081305560318e-06,0.00014925373134328358,0.48484848484848486,0.0,0.0,educational,0
0.0,0.0033538251366120224,0.3367334797235173,0.4471450405516981,0.13985313751668893,0.05833333333333335,0.025831376598433282,4.803873578612492e-05,0.010746268656716419,0.030303030303030304,0.0,0.0,educational,1
0.0,0.0046448087431694,0.2011098250889699,0.26431731188959495,0.10013351134846461,0.03749999999999998,0.017185919102955933,0.000732176593705766,0.08238805970149254,0.030303030303030304,0.0,0.0,educational,0
0.0,0.0037841530054644823,0.03659394031174619,0.2062348512231491,0.37049399198931904,0.04166666666666674,0.04982771129170331,0.0,0.0,0.06060606060606061,0.0,0.0,educational,0
0.0,0.002274590163934426,0.017620907114346603,0.33386580834387414,0.030707610146862484,0.06666666666666665,0.01036834469584878,0.00029982797163064174,0.03865671641791044,0.0,0.0,0.0,educational,0
0.0,0.005293715846994537,0.5190541607623828,0.5430669442892708,0.6375166889185581,0.04166666666666674,0.371174808712266,0.022122666083575805,0.15328358208955226,0.09090909090909091,0.0,0.0,educational,0
0.0,0.006154371584699455,0.5193462199963222,0.395575018884043,0.4259012016021361,0.03749999999999998,0.17702546631259283,0.004828721200570833,0.09567164179104477,0.030303030303030304,0.0,0.0,educational,1
0.0,0.0049863387978142095,0.25757461031726286,0.395575018884043,0.4699599465954606,0.04166666666666674,0.10200351263023948,0.0,0.0,0.21212121212121213,0.0,0.0,educational,1
0.0,0.0036953551912568307,0.054301383495408195,0.12381452784270763,0.13351134846461948,0.04583333333333339,0.008650230040006056,0.0002758086037375793,0.05522388059701493,0.12121212121212122,0.0,0.0,educational,0
0.0,0.0056352459016393444,0.16856144601771825,0.5018567829571725,0.5747663551401868,0.029166666666666674,0.23023213644463467,0.0019439122912075033,0.03686567164179105,0.030303030303030304,0.07692307692307693,0.0,educational,1
0.0,0.00162568306010929,0.06485878395188595,0.3030439776511449,0.1275033377837116,0.09166666666666667,0.024230189191911094,0.0,0.0,0.0,0.0,0.0,educational,0
0.0,0.0036475409836065576,0.19657749845857628,0.3223997725560406,0.12249666221628837,0.0625,0.022225722093427918,0.0006170492786321219,0.03343283582089552,0.09090909090909091,0.0,0.0,educational,1
0.0,0.0060245901639344275,0.02794033338020704,0.1650246894613039,0.10013351134846461,0.02083333333333337,0.04129679477328213,0.0007719327888391108,0.09940298507462686,0.030303030303030304,0.07692307692307693,0.0,educational,0
0.0,0.002568306010928963,0.1569656127294558,0.4536574798369868,0.0,0.08750000000000002,0.013804574007534223,0.0,0.0,0.12121212121212122,0.0,0.0,educational,1
0.0,0.004515027322404371,0.7079299490518892,0.5777349192541641,0.5300400534045394,0.0625,0.06185690017204787,0.010066599909389006,0.043880597014925374,0.15151515151515152,0.0,0.0,educational,0
0.0,0.0040778688524590176,0.8808614665700347,0.6561675987450275,0.7583444592790386,0.09583333333333333,0.3161378692367708,0.18765503880784423,0.001044776119402985,0.12121212121212122,0.0,0.0,educational,1
0.0,0.0060245901639344275,0.28226984109814274,0.5529501021220287,0.5323765020026702,0.033333333333333326,0.03098572056596145,0.0038778855336316703,0.10746268656716418,0.0,0.07692307692307693,0.0,educational,0
0.0,0.005806010928961749,0.1161638560472487,0.38048223250624136,0.7119492656875833,0.03749999999999998,0.11517095241280935,0.01735357917570499,0.09447761194029851,0.18181818181818182,0.0,0.0,educational,1
0.0,0.0013661202185792356,0.0,0.07938515251863709,0.0,0.11250000000000004,0.022395147286747834,0.0,0.0,0.0,0.0,0.0,educational,0
0.0,0.0036475409836065576,0.15387194825143052,0.38569186105128517,0.17156208277703602,0.054166666666666696,0.036538571680921894,3.313016261112064e-05,0.004925373134328358,0.030303030303030304,0.0,0.0,educational,0
0.0,0.005587431693989072,0.11648836630718142,0.4309374720367707,0.661214953271028,0.033333333333333326,0.2887005326529243,0.0013931233377976228,0.06970149253731343,0.21212121212121213,0.15384615384615385,0.0,educational,1
0.0,0.004515027322404371,0.07366382900472704,0.35856203386435603,0.1261682242990654,0.054166666666666696,0.027549491254276002,0.0012821372930503687,0.10507462686567165,0.09090909090909091,0.0,0.0,educational,1
0.0,0.005157103825136614,0.1887676182028622,0.4331584313451611,0.22596795727636845,0.03749999999999998,0.03127207300860191,0.004046021108883108,0.08582089552238806,0.0,0.0,0.0,educational,0
0.0,0.005157103825136614,0.12998799312038248,0.4536574798369868,0.5884512683578104,0.03749999999999998,0.0498849817802314,0.010364771372889091,0.0791044776119403,0.030303030303030304,0.0,0.0,educational,0
0.0,0.004296448087431694,0.25363721916341253,0.575032028855428,0.712283044058745,0.0625,0.23200513529955996,0.0173494379053786,0.07731343283582089,0.21212121212121213,0.0,0.0,educational,1
0.0,0.004515027322404371,0.055545339491816934,0.6308224575215893,0.5904539385847797,0.04166666666666674,0.2423138232346163,0.02661594438770904,0.13597014925373133,0.33333333333333337,0.0,0.0,educational,0
0.0,0.0051161202185792355,0.028935498177334044,0.3223997725560406,0.15587449933244324,0.033333333333333326,0.03957390757291071,0.0009582899535266644,0.0,0.030303030303030304,0.0,0.0,educational,1
0.0,0.00662568306010929,0.15347171893084688,0.4453009678611046,0.7973965287049399,0.04166666666666674,0.11173710939056941,0.004440270043955443,0.06298507462686567,0.36363636363636365,0.0,0.0,educational,1
0.0,0.005546448087431694,0.06082403972005583,0.44377432200422895,0.270694259012016,0.033333333333333326,0.15297186113079472,0.004188480808110927,0.039701492537313435,0.06060606060606061,0.07692307692307693,0.0,educational,1
0.0,0.008565573770491806,0.10125801810767251,0.4504382657017656,0.8905206942590119,0.029166666666666674,0.5532925759421491,0.01713243534027576,0.1335820895522388,0.06060606060606061,0.0,0.0,educational,0
0.0,0.005327868852459019,0.04941209557908857,0.33014484648500764,0.12850467289719625,0.05833333333333335,0.04472825154043887,0.0010593369494905824,0.1273134328358209,0.0,0.0,0.0,educational,0
0.0,0.006195355191256832,0.03935227752117429,0.2132239921517427,0.33377837116154874,0.033333333333333326,0.04816448083494318,0.00146104017115042,0.07985074626865672,0.06060606060606061,0.07692307692307693,0.0,educational,0
0.0,0.007916666666666669,0.09971118586865989,0.460054211196111,0.9926568758344458,0.04166666666666674,0.24746816720214448,0.0022056405758353564,0.03029850746268657,0.0,0.07692307692307693,0.0,educational,0
0.0,0.009125683060109292,0.07072160264800373,0.3907186566334926,0.7790387182910546,0.04583333333333339,0.10658037913359575,0.004986089472973656,0.09761194029850748,0.2727272727272727,0.0,0.2,educational,1
0.0,0.006536885245901641,0.5878611528767834,0.44377432200422895,0.22797062750333777,0.07916666666666672,0.5859391408644178,0.00666247570109636,0.04582089552238806,0.24242424242424243,0.0,0.0,educational,0
0.0,0.006830601092896176,0.10665570543122005,0.3223997725560406,0.6742323097463284,0.04166666666666674,0.07663268621229527,0.0014477881061059719,0.12417910447761195,0.18181818181818182,0.0,0.0,educational,0
0.0,0.006181693989071038,0.17068157971594536,0.4536574798369868,0.3177570093457944,0.07083333333333341,0.050285875199928026,0.004008749675945597,0.05313432835820896,0.06060606060606061,0.0,0.0,educational,0
0.0,0.008340163934426232,0.5321427412463358,0.5333663844910324,0.5490654205607476,0.04166666666666674,0.24924593863596078,0.0793475677076992,0.1235820895522388,0.21212121212121213,0.0,0.0,educational,1
0.0,0.0072609289617486346,0.5585686934135234,0.4555548454433338,0.1485313751668892,0.054166666666666696,0.4141276751083341,0.012113215704690983,0.0808955223880597,0.18181818181818182,0.0,0.0,educational,1
0.0,0.008770491803278692,0.1808820188864971,0.5497308879868077,0.15253671562082777,0.0625,0.025833762870697632,0.0015711979618323962,0.04358208955223881,0.030303030303030304,0.0,0.0,educational,0
0.0,0.004672131147540983,0.5285190433437537,0.4367851802161413,0.7580106809078772,0.08750000000000002,0.398662256916304,0.049916387752110186,0.09044776119402985,0.0,0.0,0.0,educational,0
0.0,0.0072609289617486346,0.17488939608640625,0.33014484648500764,0.5901201602136181,0.04166666666666674,0.14094267225045018,0.0005623845103237728,0.028208955223880595,0.18181818181818182,0.0,0.0,educational,1
0.0,0.009200819672131148,0.18261274027280497,0.23819993593255528,0.0,0.05833333333333335,0.020734303119433205,0.0,0.0,0.0,0.0,0.0,educational,0
0.0,0.004672131147540983,0.1648728460631497,0.46875026478229853,0.28905206942590117,0.10416666666666674,0.228566519698429,0.0,0.0,0.18181818181818182,0.0,0.0,educational,1
0.0,0.002479508196721312,0.22606466407779593,0.36945764249725666,0.712950600801068,0.09999999999999998,0.414122902529443,0.009761802413366695,0.09014925373134328,0.12121212121212122,0.0,0.0,educational,0
0.0,0.006830601092896176,0.05911495235107683,0.36945764249725666,0.6248331108144192,0.0625,0.19936095683854824,0.0031564762427745184,0.023283582089552238,0.24242424242424243,0.0,0.0,educational,0
0.0,0.009637978142076505,0.18434346165911278,0.4900112789185347,0.3674899866488651,0.054166666666666696,0.07909054464011218,0.0,0.0,0.24242424242424243,0.0,0.0,educational,0
0.0,0.004241803278688525,0.27134466234707455,0.539347463195047,0.20126835781041388,0.08333333333333337,0.3780448810461914,0.009735298283277799,0.06119402985074627,0.15151515151515152,0.0,0.2,educational,0
0.0,0.004890710382513662,0.1291767174705507,0.33014484648500764,0.8094125500667556,0.05833333333333335,0.08596538955292857,0.012721982442670324,0.08432835820895522,0.12121212121212122,0.0,0.0,educational,1
0.0,0.004241803278688525,0.3434183910781312,0.5169413826561167,0.5280373831775701,0.07916666666666672,0.29408634486401036,0.08915575234872146,0.1208955223880597,0.09090909090909091,0.0,0.0,educational,0
0.0,0.0077800546448087435,0.02182872348480751,0.36945764249725666,0.1008010680907877,0.050000000000000044,0.07118960351268115,0.0012912480877684267,0.14537313432835822,0.12121212121212122,0.0,0.0,educational,0
0.0,0.0011475409836065572,0.016798814455850377,0.6034053402200681,0.47763684913217624,0.15000000000000002,0.36429996379944957,0.13863399370029958,0.0,0.0,0.0,0.0,educational,0
0.0,0.005102459016393443,0.1445044187480394,0.4294374690565472,0.6378504672897196,0.050000000000000044,0.22684840504258627,0.0017939983053921825,0.08074626865671643,0.12121212121212122,0.0,0.0,educational,0
0.0,0.004023224043715848,0.036864365528356785,0.3893487924810628,0.5437249666221629,0.06666666666666665,0.20794914382831636,0.004891668509531962,0.0662686567164179,0.12121212121212122,0.0,0.0,educational,0
0.0,0.003811475409836067,0.09019221824396682,0.3223997725560406,0.743324432576769,0.09583333333333333,0.05355029304602921,0.015336780526753021,0.08776119402985075,0.0,0.0,0.0,educational,0
0.0,0.0035928961748633885,0.25322617283416443,0.5568749764599856,0.09946595460614152,0.09583333333333333,0.1495332455296638,0.0114381886414894,0.02582089552238806,0.12121212121212122,0.0,0.0,educational,0
0.0,0.00575136612021858,0.10392981924778523,0.5061131239607775,0.8254339118825099,0.05833333333333335,0.23543897832179989,0.003128315604555066,0.02417910447761194,0.21212121212121213,0.0,0.0,educational,0
0.0,0.00176912568306011,0.05144569320800026,0.3575133124240264,0.1879172229639519,0.10416666666666674,0.19936095683854824,0.004607577365141603,0.07985074626865672,0.12121212121212122,0.0,0.0,educational,0
0.0,0.0075409836065573775,0.11329734875117635,0.36945764249725666,0.7593457943925234,0.054166666666666696,0.09111973352045674,0.004572790694399926,0.08164179104477612,0.24242424242424243,0.0,0.0,educational,0
0.0,0.004692622950819673,0.09219336484688526,0.29817976177560124,0.4532710280373832,0.08333333333333337,0.26986092821662794,0.0,0.09268656716417911,0.21212121212121213,0.0,0.0,educational,1
0.0,0.0058811475409836075,0.9153460901922182,0.594160263454127,0.008010680907877168,0.08750000000000002,0.10142842145551308,0.0003329581342417624,0.004029850746268657,0.18181818181818182,0.0,0.2,educational,0
0.0,0.005409836065573771,0.0938375501638777,0.2904346878466346,0.3107476635514019,0.0625,0.0585900960365012,0.0031018114744661694,0.09641791044776118,0.12121212121212122,0.0,0.0,educational,0
0.0,0.00176912568306011,0.23949938883901045,0.4900112789185347,0.8230974632843792,0.1166666666666667,0.5825005250914753,0.12589627443038898,0.07701492537313433,0.09090909090909091,0.0,0.0,educational,0
0.0,0.00659153005464481,0.1874154921198092,0.4396218866438304,0.12383177570093457,0.04166666666666674,0.7440056892019482,0.0016333170167282473,0.06402985074626866,0.15151515151515152,0.15384615384615385,0.2,educational,0
0.0,0.006830601092896176,0.5534955163499087,0.5046600464794186,0.4302403204272363,0.050000000000000044,0.1804616956242783,0.001928175463967221,0.0891044776119403,0.15151515151515152,0.0,0.0,educational,0
0.0,0.0058811475409836075,0.1657814747909613,0.43425612960966165,0.0877837116154873,0.04583333333333339,0.17187350863451017,0.0027232993666341165,0.11149253731343284,0.15151515151515152,0.0,0.0,educational,0
0.0,0.0056420765027322415,0.2725020822741679,0.33386580834387414,0.5156875834445928,0.07916666666666672,0.08768589049821679,0.0032384733952370423,0.05701492537313433,0.18181818181818182,0.07692307692307693,0.0,educational,1
0.0,0.004692622950819673,0.11402208833169276,0.3636099343178858,0.11348464619492656,0.07916666666666672,0.06878662928394684,0.002194873272986742,0.039104477611940296,0.12121212121212122,0.0,0.0,educational,0
0.0,0.00687841530054645,0.14294676950036236,0.33164484946523065,0.5403871829105474,0.04583333333333339,0.06191417066057596,0.0036815893201607806,0.07985074626865672,0.12121212121212122,0.0,0.0,educational,1
